Total Portfolio Profit,Annual Return,Annual Volatility,Sharpe Ratio,Sortino Ratio,Max Drawdown,Win Rate,Best Month,Worst Month
860.0602209545359,85.66988608735913,34.62395809302707,1.7316347099758507,2.7326963658250834,-40.974876868327094,65.47619047619048,22.537127159545435,-15.923742487955096
