,us_large_cap,us_tech,commodities,real_estate
2016,0.25,0.25,0.25,0.25
2017,0.23076923076923075,0.3076923076923077,0.23076923076923075,0.23076923076923075
2018,0.3076923076923077,0.1923076923076923,0.3076923076923077,0.1923076923076923
2019,0.23076923076923075,0.3076923076923077,0.23076923076923075,0.23076923076923075
2020,0.3076923076923077,0.1923076923076923,0.3076923076923077,0.1923076923076923
2021,0.23076923076923075,0.3076923076923077,0.23076923076923075,0.23076923076923075
2022,0.3076923076923077,0.1923076923076923,0.3076923076923077,0.1923076923076923
2023,0.25,0.25,0.25,0.25
